step,total_energy,num_particles
0,-792506.37045553,1000
1,1324877.30715773,1000
2,1726865.55382782,1000
3,2703641.94173605,1000
4,2779669.50335375,1000
5,2825748.42047441,1000
6,2865087.14540852,1000
7,3373612.49712984,1000
8,5026032.99929191,1000
9,5033247.89532349,1000
10,5057449.39936869,1000
11,5129402.55054246,1000
12,5137044.68443215,1000
13,5170386.73544944,1000
14,5307830.48786401,1000
15,5313719.70822424,1000
16,5313509.82858482,1000
17,5314759.98932159,1000
18,5316447.61427022,1000
19,5347337.01847613,1000
20,5506665.15364048,1000
21,5525193.31239360,1000
22,5610723.90595568,1000
23,5633066.78827345,1000
24,5758503.87469270,1000
25,5758236.38293550,1000
26,5765507.82760032,1000
27,5768367.32134179,1000
28,5770099.92560406,1000
29,5782665.04410247,1000
30,5837403.07698612,999
31,5840188.46089629,999
32,5865503.52099433,999
33,6024628.23085673,999
34,6025984.90969767,999
35,6026538.31165459,999
36,6028558.91608926,999
37,6029521.55115010,999
38,6031309.74322897,999
39,6030233.24276293,998
40,6045620.26464887,998
41,6097607.42755549,998
42,6099494.03151305,998
43,6100948.70436407,998
44,6102146.16802311,998
45,6103536.48373529,998
46,6105574.92884924,998
47,6325193.31628156,998
48,7030737.85331625,998
49,7135927.18171951,998
50,7136879.68892251,998
51,7137888.54773685,998
52,7138873.07428864,998
53,7139937.18939153,998
54,7140723.52449324,998
55,7141527.86117912,998
56,7142611.37967460,998
57,7144068.86447484,998
58,7144702.07164600,998
59,7145326.20054364,998
60,7145939.94049719,998
61,7146611.84288131,998
62,7148874.45145250,998
63,7173569.83500094,998
64,7433111.63047426,998
65,7482952.67586624,998
66,7661360.79857001,998
67,7672148.20043453,998
68,7673289.22702062,998
69,7674236.00865716,998
70,7675113.38456614,998
71,7675931.21253589,998
72,7676983.79390775,998
73,7677693.30466530,998
74,7678716.56558260,998
75,7679450.22826491,998
76,7683119.99795004,998
77,7697129.12082016,998
78,7703139.81533140,998
79,7697979.81992044,998
80,7792355.97719521,998
81,7792965.64148866,998
82,7804167.86871626,998
83,7839137.24805788,998
84,7840982.57930288,998
85,7845987.87186823,998
86,7851677.48385184,998
87,7873037.37117873,998
88,7874937.87831559,998
89,7892129.44264121,998
90,7892824.41576418,998
91,7893741.75218695,998
92,7898029.02011315,998
93,7929063.72922836,998
94,7929568.32877232,998
95,7931381.93451319,998
96,7932441.57906318,998
97,7932975.12642682,998
98,7933530.06212392,998
99,7934092.37095919,998
100,7934425.52547303,998
101,7933604.25764198,997
102,7944359.04144332,997
103,7952386.00866857,997
104,7961179.49972164,997
105,7984249.78536778,997
106,7984242.80054024,997
107,7985052.35318444,997
108,7985983.85556160,997
109,7986767.71481349,997
110,7987487.76025951,997
111,7988218.68465272,997
112,7989147.85644583,997
113,7989710.06657384,997
114,7990229.60079924,997
115,7991587.76406744,997
116,7995979.39063437,996
117,7996418.72638732,996
118,7996195.73901248,996
119,7997934.31793610,996
120,8001509.67773839,996
121,8003218.11976895,996
122,8004413.45669193,996
123,8039842.48127766,996
124,8165075.20321901,996
125,8165528.73055092,996
126,8166199.01308736,995
127,8166396.95747852,995
128,8167012.25906255,995
129,8167711.07494092,995
130,8168839.60474934,995
131,8169803.76481651,995
132,8172589.37276922,995
133,8174048.31470974,995
134,8179273.63039581,995
135,8179759.82295655,995
136,8179022.49431784,995
137,8184154.27818425,995
138,8192362.65083618,994
139,8192627.21423530,994
140,8192909.70732513,994
141,8194360.23048952,994
142,8197896.86314220,994
143,8204584.31575421,994
144,8204237.39631857,994
145,8204417.87536012,994
146,8204551.35884932,994
147,8204757.70737312,994
148,8202742.81984446,994
149,8273115.17485022,994
150,8580580.28669405,994
151,8581090.80540066,994
152,8583583.71599874,994
153,8586124.98316429,994
154,8584722.35013674,994
155,8585046.75052805,994
156,8585403.99549526,994
157,8585780.47880865,994
158,8586159.32830151,994
159,8586547.35943743,994
160,8587159.02014038,994
161,8589020.47479557,994
162,8607124.46385155,994
163,8606487.84938243,994
164,8606813.56362438,994
165,8607238.52817161,994
166,8607749.89686351,994
167,8608309.99397972,994
168,8608837.54022603,994
169,8609334.37884796,994
170,8609730.93741648,994
171,8610708.87639003,994
172,8612261.72600164,994
173,8612628.13020700,994
174,8612985.00866002,994
175,8613335.47528774,994
176,8613693.94882835,994
177,8614055.59363665,994
178,8614500.03296575,994
179,8616105.39692478,994
180,8635298.67798944,994
181,8775877.55775787,994
182,8777146.28250278,994
183,8782486.86208612,994
184,8782911.64384354,994
185,8783439.53409227,994
186,8783880.07663476,994
187,8784464.94731476,994
188,8784847.14298681,994
189,8785245.67587387,994
190,8785738.23782369,994
191,8786023.68186134,994
192,8786254.89365938,994
193,8786647.41879835,994
194,8787017.94549521,994
195,8787324.62487089,994
196,8789458.22805768,994
197,8795222.21585851,994
198,8796117.25156947,994
199,8796254.42204736,994
200,8796578.03056268,994
201,8797141.99957274,994
202,8797373.29977324,994
203,8797615.05028386,994
204,8797797.13628736,994
205,8798042.07552018,994
206,8798265.73417998,994
207,8798500.18003355,994
208,8799504.36641309,994
209,8802154.95444481,994
210,8802960.79887957,994
211,8798560.61293045,994
212,8801253.34825698,994
213,8806785.50457310,994
214,8806881.87479802,994
215,8807684.08334426,994
216,8813202.73087699,994
217,8827221.15643619,994
218,8829999.32076746,994
219,8838683.26167264,994
220,8839010.16842067,994
221,8839351.84773404,994
222,8844640.50132933,994
223,8844668.11325830,994
224,8844858.76444519,994
225,8845192.78488055,994
226,8845456.58559388,994
227,8846587.60034566,994
228,8842092.15756404,994
229,8841760.67067487,994
230,8841368.85066894,994
231,8882630.10473938,994
232,8882594.35106144,994
233,8882791.56512407,994
234,8883041.36369202,994
235,8883358.29097012,994
236,8883695.35407260,994
237,8884048.30779737,994
238,8884397.40497208,994
239,8884695.93606874,994
240,8884999.50024431,994
241,8885857.19198603,994
242,8889673.60477586,994
243,8890350.43197550,994
244,8890380.34449131,994
245,8930729.39777904,994
246,8930494.87765125,994
247,8930905.70125012,994
248,8931348.77370138,994
249,8931660.71058930,994
250,8932196.04675505,994
251,8933798.76054654,994
252,8934095.08017127,994
253,8934416.97445103,994
254,8934823.68802809,994
255,8935094.71737401,994
256,8935463.00419230,994
257,8935930.62920910,994
258,8936203.15720242,994
259,8936650.74540695,994
260,8937689.04899416,994
261,8938025.59553795,994
262,8938224.33881547,994
263,8938544.25575200,994
264,8938771.35199673,994
265,8939003.45167113,994
266,8937953.98003852,994
267,8953079.34882789,994
268,8953253.85275888,994
269,8958111.31676021,994
270,8984098.13735917,994
271,8983845.77708554,994
272,8984212.52129388,994
273,8983334.99450735,994
274,8992081.51364940,994
275,8991493.40570094,994
276,8991670.67059137,994
277,8991883.16847523,994
278,8992196.45936436,994
279,8992633.24223370,994
280,8993835.23759335,994
281,8991626.91122817,994
282,9117387.90933541,994
283,9118975.60613139,994
284,9119180.94043989,994
285,9119380.44753896,994
286,9119647.45986873,994
287,9120060.41421240,994
288,9120303.63644425,994
289,9120535.65215761,994
290,9120779.90663107,994
291,9121002.30315095,994
292,9121570.94256992,994
293,9122951.74075185,994
294,9122953.92178910,994
295,9122853.67575159,994
296,9122887.55300831,994
297,9125814.37733145,994
298,9125342.92700885,994
299,9125362.93116834,994
300,9125564.67870866,994
301,9125733.58697397,994
302,9126748.13868388,994
303,9128975.57871191,994
304,9129014.13613057,994
305,9129360.07007961,994
306,9130968.12525759,994
307,9136094.89070740,994
308,9556730.12731607,994
309,10772539.87377472,994
310,10772863.35896759,994
311,10773035.42567649,994
312,10773280.06512529,994
313,10773660.80858734,994
314,10774140.89992427,994
315,10774509.12383476,994
316,10774741.75779384,994
317,10775006.34841656,994
318,10775269.85157629,994
319,10775539.58041737,994
320,10776275.12608630,994
321,10768146.61130859,994
322,10782831.92181186,994
323,10782944.87157572,994
324,10782936.52932075,994
325,10783198.48467807,994
326,10783584.49641056,994
327,10784048.02060169,994
328,10789766.00046854,994
329,10811206.76771832,994
330,10810554.30126612,994
331,10810584.56675646,994
332,10810785.36830830,994
333,10811363.35546860,994
334,10812729.93448532,994
335,10812948.28122770,994
336,10813161.91347828,994
337,10813361.71794117,994
338,10813553.41306402,994
339,10813824.38926253,994
340,10813889.99993268,994
341,10813924.05787421,994
342,10814363.37744661,994
343,10817930.57676732,994
344,10818257.15811350,994
345,10818133.08075050,994
346,10818014.99998598,994
347,10817975.56079607,994
348,10818003.82296781,994
349,10818080.70488302,994
350,10818534.18928023,994
351,10818618.83794411,994
352,10819617.97249526,994
353,10821936.15365774,994
354,10861451.36936827,994
355,10860874.67086344,994
356,10861097.99508511,994
357,10861451.03042511,994
358,10861623.70458861,994
359,10861691.07451393,994
360,10864503.77455864,994
361,10874997.60389649,994
362,10875062.46077767,994
363,10875207.04608865,994
364,10875276.62270059,994
365,10875224.41197632,994
366,10875303.87066600,994
367,10875778.81557863,994
368,10896806.75042752,994
369,11022773.18124946,994
370,11023096.51987725,994
371,11028195.21597823,994
372,11068033.01480961,994
373,11118118.52779500,994
374,11117876.89112723,994
375,11118557.17124907,994
376,11118819.89306697,994
377,11119100.03716783,994
378,11119452.84631265,994
379,11119805.09953614,994
380,11120104.65631498,994
381,11120365.62783317,994
382,11120605.72105242,994
383,11120859.66091435,994
384,11121537.06930934,994
385,11156951.21901074,994
386,11404007.32498381,994
387,11404490.56453322,994
388,11404798.27160062,994
389,11404882.38859242,994
390,11405771.03819660,994
391,11407212.77508955,994
392,11413708.41535069,994
393,11413789.83767070,994
394,11415927.16303754,994
395,11425482.82572918,994
396,11424845.74477494,994
397,11424989.37081881,994
398,11426080.12524357,993
399,11414056.62985373,993
400,11427902.90622146,993
401,11427049.33878504,993
402,11427136.17093924,993
403,11427270.17424252,993
404,11427550.06030582,993
405,11427937.37433670,993
406,11428255.06948974,993
407,11428506.16089041,993
408,11428735.01104659,993
409,11428939.66259662,993
410,11429126.95173654,993
411,11429294.78110210,993
412,11429446.33044511,993
413,11429584.72426195,993
414,11429711.31276978,993
415,11429868.68913347,993
416,11430049.37736076,993
417,11430225.48110660,993
418,11430401.24348190,993
419,11430588.05754617,993
420,11430864.66767925,993
421,11432107.18907380,993
422,11603252.85553533,993
423,12270075.37483360,993
424,12271982.82367361,993
425,12266512.12189671,993
426,12265485.20864955,993
427,12437204.19576876,993
428,13071118.34347845,993
429,13071653.03333155,993
430,13072024.22951044,993
431,13072338.79894932,993
432,13072635.65474294,993
433,13072990.08069476,993
434,13074390.45687138,993
435,13061774.30400228,993
436,13066109.40285237,993
437,13066312.10424815,993
438,13062474.04853919,993
439,13071675.60861359,993
440,13072447.21857641,993
441,13072481.61240562,993
442,13072675.70100350,993
443,13073593.18219287,993
444,13070997.21116105,993
445,13144851.90720659,993
446,13144943.63962847,993
447,13145608.42766151,993
448,13146125.76201425,993
449,13146735.30568742,993
450,13147721.63744744,993
451,13206299.28182786,993
452,13528092.96785774,993
453,13528438.56596773,993
454,13529238.24006527,993
455,13529543.66768451,993
456,13529827.75049132,993
457,13530360.25057339,993
458,13530983.55205142,993
459,13529728.26254657,993
460,13529448.14661127,993
461,13529629.66694098,993
462,13530405.65372681,993
463,13533589.57999263,993
464,13533369.53028997,993
465,13533521.54077503,993
466,13533695.84251493,993
467,13533816.92520548,993
468,13534070.61327510,993
469,13534248.42475046,993
470,13534445.32322475,993
471,13534631.58025889,993
472,13534811.69660341,993
473,13534997.49656332,993
474,13535175.77963927,993
475,13535359.67137866,993
476,13535578.47494623,993
477,13536243.17784022,993
478,13752368.18640860,993
479,14416022.16430212,993
480,14416543.11331522,993
481,14416826.37466671,993
482,14417015.96020633,993
483,14417171.07805707,993
484,14417283.92979862,993
485,14417239.15079951,993
486,14417205.31015507,993
487,14417365.22065912,993
488,14417970.21015215,993
489,14435408.57277951,993
490,14581391.53380574,993
491,14581341.38543749,993
492,14581487.75340448,993
493,14581689.20076940,993
494,14581841.83019424,993
495,14581971.72218834,993
496,14582089.09905331,993
497,14582190.18896171,993
498,14582291.30617988,993
499,14582336.92090120,993
